#,Card,Card_href,Japanese name,Card type,Type,ATK,DEF,Obtained by,Temporary,Rarity
001,B-Eye White Dragon,https://yugipedia.com/wiki/B-Eye_White_Dragon_(DM1),ブルーアイズ・ホワイトドラゴン,Monster,Dragon,3000,2500,Victory bonus,,S
002,Mystical Elf,https://yugipedia.com/wiki/Mystical_Elf_(DM1),ホーリー・エルフ,Monster,Spellcaster,800,2000,Drop,Fusion Summon,D
003,Hitotsu-me Giant,https://yugipedia.com/wiki/Hitotsu-me_Giant_(DM1),サイクロプス,Monster,Beast-Warrior,1200,1000,Drop,,B
004,Baby Dragon,https://yugipedia.com/wiki/Baby_Dragon_(DM1),ベビードラゴン,Monster,Dragon,1200,700,Communication bonus,,S
005,Ryu-kishin,https://yugipedia.com/wiki/Ryu-kishin_(DM1),ガーゴイル,Monster,Fiend,1000,500,Starter DeckDropVictory bonus,,A
006,Feral Imp,https://yugipedia.com/wiki/Feral_Imp_(DM1),グレムリン,Monster,Fiend,1300,1400,DropVictory bonus,,C
007,Winged Dragon #1,https://yugipedia.com/wiki/Winged_Dragon_1_(DM1),とりでをまもるよくりゅう,Monster,Dragon,1400,1200,DropVictory bonus,,D
008,Mushroom Man,https://yugipedia.com/wiki/Mushroom_Man_(DM1),きのこマン,Monster,Plant,800,600,Starter DeckDrop,,D
009,Shadow Specter,https://yugipedia.com/wiki/Shadow_Specter_(DM1),ヘルバウンド,Monster,Zombie,500,200,Starter DeckDrop,Fusion Summon,A
010,Blackland Fire Dra,https://yugipedia.com/wiki/Blackland_Fire_Dra_(DM1),あんこくのドラゴン,Monster,Dragon,1500,800,DropVictory bonus,,D
011,Sword Arm of Drago,https://yugipedia.com/wiki/Sword_Arm_of_Drago_(DM1),ソードドラゴン,Monster,Dinosaur,1750,2030,Communication bonusDropVictory bonus,Fusion Summon,B
012,Swamp Battleguard,https://yugipedia.com/wiki/Swamp_Battleguard_(DM1),バーバリアン２ごう,Monster,Warrior,1800,1500,DropVictory bonus,,A
013,Tyhone,https://yugipedia.com/wiki/Tyhone_(DM1),タイホーン,Monster,Winged Beast,1200,1400,Drop,,C
014,Battle Steer,https://yugipedia.com/wiki/Battle_Steer_(DM1),ぎゅうまじん,Monster,Beast-Warrior,1800,1300,DropVictory bonus,,A
015,Flame Swordsman,https://yugipedia.com/wiki/Flame_Swordsman_(DM1),ほのおのけんし,Monster,Warrior,1800,1600,Communication bonus,Fusion Summon,S
016,Time Wizard,https://yugipedia.com/wiki/Time_Wizard_(DM1),ときのまじゅつし,Monster,Spellcaster,500,400,Communication bonusDropVictory bonus,,A
017,R Leg of Forbidden,https://yugipedia.com/wiki/R_Leg_of_Forbidden_(DM1),ふういんされしもののみぎあし,Monster,Spellcaster,200,300,Victory bonus,,S
018,L Leg of Forbidden,https://yugipedia.com/wiki/L_Leg_of_Forbidden_(DM1),ふういんされしもののひだりあし,Monster,Spellcaster,200,300,Victory bonus,,S
019,R Arm of Forbidden,https://yugipedia.com/wiki/R_Arm_of_Forbidden_(DM1),ふういんされしもののみぎうで,Monster,Spellcaster,200,300,Victory bonus,,S
020,L Arm of Forbidden,https://yugipedia.com/wiki/L_Arm_of_Forbidden_(DM1),ふういんされしもののひだりうで,Monster,Spellcaster,200,300,Victory bonus,,S
021,Exod. of Forbidden,https://yugipedia.com/wiki/Exod._of_Forbidden_(DM1),ふういんされしエクゾディア,Monster,Spellcaster,1000,1000,Victory bonus,,S
022,Summoned Skull,https://yugipedia.com/wiki/Summoned_Skull_(DM1),デーモンのしょうかん,Monster,Fiend,2500,1200,Communication bonusDropVictory bonus,Fusion Summon,S
023,The Wicked Worm B,https://yugipedia.com/wiki/The_Wicked_Worm_B_(DM1),じゃあくなるワーム・ビースト,Monster,Beast,1400,700,DropVictory bonus,,C
024,Skull Servant,https://yugipedia.com/wiki/Skull_Servant_(DM1),ワイト,Monster,Zombie,300,200,Starter DeckDrop,,A
025,Horn Imp,https://yugipedia.com/wiki/Horn_Imp_(DM1),インプ,Monster,Fiend,1300,1000,Drop,,C
026,Battle Ox,https://yugipedia.com/wiki/Battle_Ox_(DM1),ミノタウルス,Monster,Beast-Warrior,1700,1000,Communication bonusDropVictory bonus,,B
027,Beaver Warrior,https://yugipedia.com/wiki/Beaver_Warrior_(DM1),ルイーズ,Monster,Beast-Warrior,1200,1500,Drop,,C
028,Rock Ogre Grotto#1,https://yugipedia.com/wiki/Rock_Ogre_Grotto_1_(DM1),がんくつまじんオーガ・ロック,Monster,Rock,800,1200,Drop,Fusion Summon,C
029,Mountain Warrior,https://yugipedia.com/wiki/Mountain_Warrior_(DM1),マウンテン・ウォーリアー,Monster,Beast-Warrior,600,1000,DropStarter Deck,,B
030,Zombie Warrior,https://yugipedia.com/wiki/Zombie_Warrior_(DM1),アンデット・ウォーリアー,Monster,Zombie,1200,900,Drop,Fusion Summon,A
031,Koumori Dragon,https://yugipedia.com/wiki/Koumori_Dragon_(DM1),デビル・ドラゴン,Monster,Dragon,1500,1200,DropVictory bonus,,D
032,Two-headed King Re,https://yugipedia.com/wiki/Two-headed_King_Re_(DM1),にとうをもつキング・レックス,Monster,Dinosaur,1600,1200,Victory bonus,,S
033,Judge Man,https://yugipedia.com/wiki/Judge_Man_(DM1),ジャッジ・マン,Monster,Warrior,2200,1500,DropVictory bonus,Fusion Summon,B
034,Saggi the Dark Clo,https://yugipedia.com/wiki/Saggi_the_Dark_Clo_(DM1),やみ・どうけしのサギー,Monster,Spellcaster,600,1500,Drop,,B
035,D.Magician,https://yugipedia.com/wiki/D.Magician_(DM1),ブラック・マジシャン,Monster,Spellcaster,2500,2100,Drop,Fusion Summon,S
036,The Snake Hair,https://yugipedia.com/wiki/The_Snake_Hair_(DM1),メデューサのぼうれい,Monster,Zombie,1500,1200,DropVictory bonus,Fusion Summon,D
037,Gaia the Dragon Ch,https://yugipedia.com/wiki/Gaia_the_Dragon_Ch_(DM1),りゅうきしガイア,Monster,Dragon,2600,2100,Communication Fusion,Fusion Summon,S
038,Gaia The Fierce Kn,https://yugipedia.com/wiki/Gaia_The_Fierce_Kn_(DM1),あんこくきしガイア,Monster,Warrior,2300,2100,Victory bonus,Fusion Summon,S
039,Curse of Dragon,https://yugipedia.com/wiki/Curse_of_Dragon_(DM1),カース・オブ・ドラゴン,Monster,Dragon,2000,1500,Victory bonus,,S
040,Dragon Piper,https://yugipedia.com/wiki/Dragon_Piper_(DM1),つぼまじん,Monster,Pyro,200,1800,DropVictory bonus,,B
041,Celtic Guardian,https://yugipedia.com/wiki/Celtic_Guardian_(DM1),エルフのけんし,Monster,Warrior,1400,1200,DropVictory bonus,Fusion Summon,D
042,Faceless Mage,https://yugipedia.com/wiki/Faceless_Mage_(DM1),イリュージョニスト・ノー・フェイス,Monster,Spellcaster,1200,2200,Victory bonus,Fusion Summon,S
043,Karbonala Warrior,https://yugipedia.com/wiki/Karbonala_Warrior_(DM1),カルボナーラせんし,Monster,Warrior,1500,1200,DropVictory bonus,Fusion Summon,A
044,Rogue Doll,https://yugipedia.com/wiki/Rogue_Doll_(DM1),ホーリー・ドール,Monster,Spellcaster,1600,1000,DropVictory bonus,Fusion Summon,D
045,Oscillo Hero #2,https://yugipedia.com/wiki/Oscillo_Hero_2_(DM1),エレキッズ,Monster,Thunder,1000,500,Starter DeckDropVictory bonus,,A
046,Griffore,https://yugipedia.com/wiki/Griffore_(DM1),グリフォール,Monster,Beast,1200,1500,Drop,,C
047,Torike,https://yugipedia.com/wiki/Torike_(DM1),サイガー,Monster,Beast,1200,600,Drop,,A
048,Sangan,https://yugipedia.com/wiki/Sangan_(DM1),クリッター,Monster,Fiend,1000,600,Starter DeckDrop,,A
049,Big Insect,https://yugipedia.com/wiki/Big_Insect_(DM1),ビック・アント,Monster,Insect,1200,1500,DropVictory bonus,,D
050,Basic Insect,https://yugipedia.com/wiki/Basic_Insect_(DM1),ベーシック・インセクト,Monster,Insect,500,700,DropVictory bonus,,A
051,Armored Lizard,https://yugipedia.com/wiki/Armored_Lizard_(DM1),アーマー・リザード,Monster,Reptile,1500,1200,Communication bonusDropVictory bonus,,A
052,Hercules Beetle,https://yugipedia.com/wiki/Hercules_Beetle_(DM1),ヘラクレス・ビートル,Monster,Insect,1500,2000,Communication bonusDropVictory bonus,,B
053,Killer Needle,https://yugipedia.com/wiki/Killer_Needle_(DM1),キラー・ビー,Monster,Insect,1200,1000,DropVictory bonus,,D
054,Gokibore,https://yugipedia.com/wiki/Gokibore_(DM1),ゴキボール,Monster,Insect,1200,1400,DropVictory bonus,,D
055,Giant Flea,https://yugipedia.com/wiki/Giant_Flea_(DM1),きゅうけつノミ,Monster,Insect,1500,1200,DropVictory bonus,,D
056,Larvae Moth,https://yugipedia.com/wiki/Larvae_Moth_(DM1),ラーバモス,Monster,Insect,500,400,Communication Fusion,Evolution,S
057,Great Moth,https://yugipedia.com/wiki/Great_Moth_(DM1),グレートモス,Monster,Insect,2600,2500,Communication Fusion,Evolution,S
058,Kuriboh,https://yugipedia.com/wiki/Kuriboh_(DM1),クリボー,Monster,Fiend,300,200,Starter DeckDrop,,A
059,Mammoth Graveyard,https://yugipedia.com/wiki/Mammoth_Graveyard_(DM1),マンモスのはかば,Monster,Dinosaur,1200,800,Drop,,A
060,Great White,https://yugipedia.com/wiki/Great_White_(DM1),グレート・ホワイト,Monster,Fish,1600,800,DropVictory bonus,,D
061,Wolf,https://yugipedia.com/wiki/Wolf_(DM1),オオカミ,Monster,Beast,1200,800,Drop,,C
062,Harpie Lady,https://yugipedia.com/wiki/Harpie_Lady_(DM1),ハーピィ・レディ,Monster,Winged Beast,1300,1400,DropVictory bonus,,A
063,Harpie Lady Sister,https://yugipedia.com/wiki/Harpie_Lady_Sister_(DM1),ハーピィ・レディ　さんしまい,Monster,Winged Beast,1950,2100,Victory bonus,Fusion Summon,S
064,Tiger Axe,https://yugipedia.com/wiki/Tiger_Axe_(DM1),タイガー・アックス,Monster,Beast-Warrior,1300,1100,DropVictory bonus,,B
065,Silver Fang,https://yugipedia.com/wiki/Silver_Fang_(DM1),シルバー・フォング,Monster,Beast,1200,800,Drop,,A
066,Kojikocy,https://yugipedia.com/wiki/Kojikocy_(DM1),まもののかりうど,Monster,Warrior,1500,1200,Communication bonusDropVictory bonus,,B
067,Perfectly Ultimate,https://yugipedia.com/wiki/Perfectly_Ultimate_(DM1),かんぜんきゅうきょくたいグレートモス,Monster,Insect,3500,3000,Communication Fusion,Evolution,S
068,Garoozis,https://yugipedia.com/wiki/Garoozis_(DM1),ガルーザス,Monster,Beast-Warrior,1800,1500,DropVictory bonus,,A
069,Thousand Dragon,https://yugipedia.com/wiki/Thousand_Dragon_(DM1),サウザンド・ドラゴン,Monster,Dragon,2400,2000,Communication Fusion,Fusion Summon,S
070,Fiend Kraken,https://yugipedia.com/wiki/Fiend_Kraken_(DM1),デビル・クラーケン,Monster,Aqua,1200,1400,DropVictory bonus,,D
071,Jellyfish,https://yugipedia.com/wiki/Jellyfish_(DM1),ジェリーフィッシュ,Monster,Aqua,1200,1500,DropVictory bonus,,D
072,Cocoon of Evolutio,https://yugipedia.com/wiki/Cocoon_of_Evolutio_(DM1),しんかのまゆ,Monster,Insect,0,2000,Communication Fusion,Evolution,S
073,Kairyu-shin,https://yugipedia.com/wiki/Kairyu-shin_(DM1),リバイアサン,Monster,Sea Serpent,1800,1500,Communication bonusDropVictory bonus,,B
074,Giant Rock Soldier,https://yugipedia.com/wiki/Giant_Rock_Soldier_(DM1),がんせきのきょへい,Monster,Rock,1300,2000,Drop,Fusion Summon,D
075,Man-eating Plant,https://yugipedia.com/wiki/Man-eating_Plant_(DM1),ひとくいしょくぶつ,Monster,Plant,800,600,DropStarter DeckVictory bonus,,D
076,Krokodilus,https://yugipedia.com/wiki/Krokodilus_(DM1),クロコダイラス,Monster,Reptile,1100,1200,DropVictory bonus,,B
077,Grappler,https://yugipedia.com/wiki/Grappler_(DM1),グラップラー,Monster,Reptile,1300,1200,DropVictory bonus,,D
078,Axe Raider,https://yugipedia.com/wiki/Axe_Raider_(DM1),アックス・レイダー,Monster,Warrior,1700,1150,DropVictory bonus,,A
079,Megazowler,https://yugipedia.com/wiki/Megazowler_(DM1),メガザウラー,Monster,Dinosaur,1800,2000,Communication bonusDropVictory bonus,,B
080,Uraby,https://yugipedia.com/wiki/Uraby_(DM1),ワイルド・ラプター,Monster,Dinosaur,1500,800,DropVictory bonus,,D
081,Crawling Dragon #2,https://yugipedia.com/wiki/Crawling_Dragon_2_(DM1),しかばねをむさぼるりゅう,Monster,Dinosaur,1600,1200,DropVictory bonus,,C
082,Red-eyes B. Dragon,https://yugipedia.com/wiki/Red-eyes_B._Dragon_(DM1),レッドアイズ・ブラックドラゴン,Monster,Dragon,2400,2000,Victory bonus,,S
083,Castle of D. Magic,https://yugipedia.com/wiki/Castle_of_D._Magic_(DM1),やみくらましのしろ,Monster,Fiend,920,1930,DropVictory bonus,,B
084,Reaper of the Card,https://yugipedia.com/wiki/Reaper_of_the_Card_(DM1),カードをかるしにがみ,Monster,Fiend,1380,1930,DropVictory bonus,Fusion Summon,D
085,King of Yamimakai,https://yugipedia.com/wiki/King_of_Yamimakai_(DM1),やみまかいのはおう,Monster,Fiend,2000,1530,Victory bonus,Fusion Summon,S
086,Barox,https://yugipedia.com/wiki/Barox_(DM1),バロックス,Monster,Fiend,1380,1530,DropVictory bonus,Fusion Summon,D
087,Dark Chimera,https://yugipedia.com/wiki/Dark_Chimera_(DM1),ダーク・キメラ,Monster,Fiend,1610,1460,DropVictory bonus,Fusion Summon,D
088,Metal Guardian,https://yugipedia.com/wiki/Metal_Guardian_(DM1),メタル・ガーディアン,Monster,Fiend,1150,2150,DropVictory bonus,,B
089,Catapult Turtle,https://yugipedia.com/wiki/Catapult_Turtle_(DM1),カタパルト・タートル,Monster,Aqua,1000,2000,Drop,,D
090,Gyakutenno Megami,https://yugipedia.com/wiki/Gyakutenno_Megami_(DM1),ぎゃくてんのめがみ,Monster,Fairy,1800,2000,Communication bonusDropVictory bonus,,B
091,Mystic Horseman,https://yugipedia.com/wiki/Mystic_Horseman_(DM1),ケンタウロス,Monster,Beast,1300,1550,DropVictory bonus,,B
092,Rabid Horseman,https://yugipedia.com/wiki/Rabid_Horseman_(DM1),ミノケンタウロス,Monster,Beast-Warrior,2000,1700,Communication Fusion,Fusion Summon,S
093,Zanki,https://yugipedia.com/wiki/Zanki_(DM1),よろいむしゃザンキ,Monster,Warrior,1500,1700,DropVictory bonus,Fusion Summon,C
094,Crawling Dragon,https://yugipedia.com/wiki/Crawling_Dragon_(DM1),ちをはうドラゴン,Monster,Dragon,1600,1400,DropVictory bonus,,C
095,Crass Clown,https://yugipedia.com/wiki/Crass_Clown_(DM1),マーダーサーカス,Monster,Fiend,1350,1400,Drop,,D
096,Armored Zombie,https://yugipedia.com/wiki/Armored_Zombie_(DM1),よろいむしゃゾンビ,Monster,Zombie,1500,0,Drop,Fusion Summon,C
097,Dragon Zombie,https://yugipedia.com/wiki/Dragon_Zombie_(DM1),ドラゴン・ゾンビ,Monster,Zombie,1600,0,Drop,Fusion Summon,B
098,Clown Zombie,https://yugipedia.com/wiki/Clown_Zombie_(DM1),マーダーサーカス・ゾンビ,Monster,Zombie,1350,0,DropVictory bonus,Fusion Summon,D
099,Pumpking the King,https://yugipedia.com/wiki/Pumpking_the_King_(DM1),ゴーストおう　ーパンプキングー,Monster,Zombie,1800,2000,Victory bonus,Fusion Summon,S
100,Battle Warrior,https://yugipedia.com/wiki/Battle_Warrior_(DM1),かくとうせんしアルティメーター,Monster,Warrior,700,1000,Drop,,C
101,Wings of Wicked Fl,https://yugipedia.com/wiki/Wings_of_Wicked_Fl_(DM1),じゃえんのつばさ,Monster,Pyro,700,600,DropStarter Deck,,C
102,Mask of Darkness,https://yugipedia.com/wiki/Mask_of_Darkness_(DM1),やみのかめん,Monster,Fiend,900,400,DropStarter DeckVictory bonus,,C
103,Job-change Mirror,https://yugipedia.com/wiki/Job-change_Mirror_(DM1),てんしょくのまきょう,Monster,Fiend,800,1300,Drop,,B
104,Curtain of the Dar,https://yugipedia.com/wiki/Curtain_of_the_Dar_(DM1),くろまぞくのカーテン,Monster,Spellcaster,600,500,Drop,,C
105,Tomozaurus,https://yugipedia.com/wiki/Tomozaurus_(DM1),トモザウルス,Monster,Dinosaur,500,400,DropStarter Deck,,D
106,Spirit of the Wind,https://yugipedia.com/wiki/Spirit_of_the_Wind_(DM1),かぜのせいれい,Monster,Spellcaster,1700,1400,DropVictory bonus,Fusion Summon,D
107,Kageningen,https://yugipedia.com/wiki/Kageningen_(DM1),シャドウ・ファイター,Monster,Warrior,800,600,DropStarter Deck,,D
108,Graveyard & Hand,https://yugipedia.com/wiki/Graveyard_%26_Hand_(DM1),てまねきするはかば,Monster,Zombie,700,900,Drop,,A
109,All-seeing Goddess,https://yugipedia.com/wiki/All-seeing_Goddess_(DM1),しんがんのめがみ,Monster,Fairy,1200,1000,Drop,,D
110,Hero of the East,https://yugipedia.com/wiki/Hero_of_the_East_(DM1),とうほうのえいゆう,Monster,Warrior,1100,1000,Drop,,D
111,Doma The Angel of,https://yugipedia.com/wiki/Doma_The_Angel_of_(DM1),しのちんもくのてんし ドマ,Monster,Fairy,1600,1400,Drop,,D
112,Life Eater,https://yugipedia.com/wiki/Life_Eater_(DM1),いのちをしょくするもの,Monster,Fiend,1200,1000,Drop,,D
113,Dark Gray,https://yugipedia.com/wiki/Dark_Gray_(DM1),ダーク・グレイ,Monster,Beast,800,900,Drop,,C
114,White Magical Hat,https://yugipedia.com/wiki/White_Magical_Hat_(DM1),ホワイト・シーフ,Monster,Spellcaster,1000,700,DropVictory bonus,,C
115,Kamionwizard,https://yugipedia.com/wiki/Kamionwizard_(DM1),カオス・ウィザード,Monster,Spellcaster,1300,1100,Drop,Fusion Summon,D
116,Nightmare Scorpion,https://yugipedia.com/wiki/Nightmare_Scorpion_(DM1),ナイトメア・スコーピオン,Monster,Insect,900,800,Drop,,C
117,Spirit of the Book,https://yugipedia.com/wiki/Spirit_of_the_Book_(DM1),ほんのせいれい　ホーク・ビショップ,Monster,Winged Beast,1400,1200,DropVictory bonus,,A
118,Supporter in the S,https://yugipedia.com/wiki/Supporter_in_the_S_(DM1),ものかげのきょうりょくしゃ,Monster,Warrior,1000,1000,DropVictory bonus,,D
119,Trial of Nightmare,https://yugipedia.com/wiki/Trial_of_Nightmare_(DM1),じごくのさいばん,Monster,Fiend,1300,900,DropVictory bonus,,C
120,Dream Clown,https://yugipedia.com/wiki/Dream_Clown_(DM1),ドリーム・ピエロ,Monster,Warrior,1200,900,Drop,,C
121,Sleeping Lion,https://yugipedia.com/wiki/Sleeping_Lion_(DM1),ねむれるシシ,Monster,Beast,700,1700,Drop,,C
122,Yamatano Dragon Sc,https://yugipedia.com/wiki/Yamatano_Dragon_Sc_(DM1),ヤマタノドラゴンえまき,Monster,Dragon,900,300,Drop,,C
123,Dark Plant,https://yugipedia.com/wiki/Dark_Plant_(DM1),ダーク・プラント,Monster,Plant,300,400,DropStarter Deck,,A
124,Ancient Tool,https://yugipedia.com/wiki/Ancient_Tool_(DM1),アイアン・ハート,Monster,Machine,1700,1400,DropVictory bonus,,C
125,Faith Bird,https://yugipedia.com/wiki/Faith_Bird_(DM1),セイント・バード,Monster,Winged Beast,1500,1100,DropVictory bonus,,A
126,Orion the Battle K,https://yugipedia.com/wiki/Orion_the_Battle_K_(DM1),たたかいのかみ オリオン,Monster,Fairy,1800,1500,Drop,,C
127,Ansatsu,https://yugipedia.com/wiki/Ansatsu_(DM1),アサシン,Monster,Warrior,1700,1200,DropVictory bonus,Fusion Summon,D
128,LaMoon,https://yugipedia.com/wiki/LaMoon_(DM1),ラムーン,Monster,Spellcaster,1200,1700,Drop,,D
129,Nemuriko,https://yugipedia.com/wiki/Nemuriko_(DM1),ねむりこ,Monster,Spellcaster,800,700,DropStarter Deck,,C
130,Weather Control,https://yugipedia.com/wiki/Weather_Control_(DM1),ウェザー・コントロール,Monster,Fairy,600,400,DropStarter Deck,,B
131,Octoberser,https://yugipedia.com/wiki/Octoberser_(DM1),オクトバーサー,Monster,Aqua,1600,1400,Drop,,B
132,The 13th Grave,https://yugipedia.com/wiki/The_13th_Grave_(DM1),１３にんめのまいそうしゃ,Monster,Zombie,1200,900,Drop,Fusion Summon,D
133,Charubin the Fire,https://yugipedia.com/wiki/Charubin_the_Fire_(DM1),ほのおのきし キラー,Monster,Pyro,1100,800,Drop,Fusion Summon,D
134,Mystical Capture C,https://yugipedia.com/wiki/Mystical_Capture_C_(DM1),せいなるくさり,Monster,Fairy,700,700,Starter DeckDrop,,B
135,Fiend's Hand,https://yugipedia.com/wiki/Fiend%27s_Hand_(DM1),ししゃのうで,Monster,Zombie,600,600,Drop,,C
136,Witty Phantom,https://yugipedia.com/wiki/Witty_Phantom_(DM1),まじん　デスサタン,Monster,Fiend,1400,1300,DropVictory bonus,Fusion Summon,D
137,Mystery Hand,https://yugipedia.com/wiki/Mystery_Hand_(DM1),なぞのて,Monster,Fiend,500,500,Drop,,A
138,Dragon Statue,https://yugipedia.com/wiki/Dragon_Statue_(DM1),ドラゴン・ソウル・スタチュー,Monster,Warrior,1100,900,Drop,Fusion Summon,D
139,B.eye Silv. Zombie,https://yugipedia.com/wiki/B.eye_Silv._Zombie_(DM1),ブルーアイド・シルバーゾンビ,Monster,Zombie,900,700,Starter DeckDrop,,A
140,Toad Master,https://yugipedia.com/wiki/Toad_Master_(DM1),トードマスター,Monster,Aqua,1000,1000,Starter DeckDrop,,C
141,Spiked Snail,https://yugipedia.com/wiki/Spiked_Snail_(DM1),デビルツムリ,Monster,Insect,700,1300,Drop,,C
142,Flame Manipulator,https://yugipedia.com/wiki/Flame_Manipulator_(DM1),ほのおをあやつるもの,Monster,Spellcaster,900,1000,Starter DeckDrop,,A
143,Chronolord,https://yugipedia.com/wiki/Chronolord_(DM1),ときのまじん　ネクロランサ,Monster,Spellcaster,800,900,Starter DeckDrop,,C
144,Wind Djinn,https://yugipedia.com/wiki/Wind_Djinn_(DM1),かぜのばんにん ジン,Monster,Spellcaster,700,900,DropStarter Deck,,D
145,Phantom Thief,https://yugipedia.com/wiki/Phantom_Thief_(DM1),みわくのかいとう,Monster,Spellcaster,700,700,DropStarter DeckVictory bonus,,C
146,Temple of Skulls,https://yugipedia.com/wiki/Temple_of_Skulls_(DM1),ドクロのじいん,Monster,Zombie,900,1300,Drop,,C
147,Monster Egg,https://yugipedia.com/wiki/Monster_Egg_(DM1),モンスター・エッグ,Monster,Warrior,600,900,DropStarter Deck,,C
148,Sinister Shadow,https://yugipedia.com/wiki/Sinister_Shadow_(DM1),やみをつかさどるかげ,Monster,Fiend,800,700,DropStarter Deck,,C
149,Lord of the Lamp,https://yugipedia.com/wiki/Lord_of_the_Lamp_(DM1),ランプのまじん,Monster,Fiend,1400,1200,DropVictory bonus,,D
150,Akihiron,https://yugipedia.com/wiki/Akihiron_(DM1),カクタス,Monster,Aqua,1700,1400,Drop,,D
151,Rhaimundos of the,https://yugipedia.com/wiki/Rhaimundos_of_the_(DM1),あかきけんのライムンドス,Monster,Warrior,1200,1300,Drop,,D
152,The Melting Red Sh,https://yugipedia.com/wiki/The_Melting_Red_Sh_(DM1),とろけるあかきかげ,Monster,Aqua,500,700,Starter DeckDrop,,A
153,Dokuroizo the Grim,https://yugipedia.com/wiki/Dokuroizo_the_Grim_(DM1),しにがみのドクロイゾ,Monster,Zombie,900,1200,Drop,,C
154,Fire Reaper,https://yugipedia.com/wiki/Fire_Reaper_(DM1),ファイヤー・デビル,Monster,Zombie,700,500,Starter DeckDrop,Fusion Summon,C
155,Larvas,https://yugipedia.com/wiki/Larvas_(DM1),ラーバス,Monster,Beast,800,1000,DropStarter DeckVictory bonus,,D
156,Hard Armor,https://yugipedia.com/wiki/Hard_Armor_(DM1),ハードアーマー,Monster,Warrior,300,1200,Drop,,B
157,Firegrass,https://yugipedia.com/wiki/Firegrass_(DM1),かえんそう,Monster,Plant,700,600,DropStarter Deck,Fusion Summon,B
158,Man Eater,https://yugipedia.com/wiki/Man_Eater_(DM1),マンイーター,Monster,Plant,800,600,DropStarter Deck,,D
159,Dig Beak,https://yugipedia.com/wiki/Dig_Beak_(DM1),ディッグ・ビーク,Monster,Beast,500,800,DropStarter Deck,,C
160,M-warrior #1,https://yugipedia.com/wiki/M-warrior_1_(DM1),マグネッツ１ごう,Monster,Warrior,1000,500,DropStarter Deck,,C
161,M-warrior #2,https://yugipedia.com/wiki/M-warrior_2_(DM1),マグネッツ２ごう,Monster,Warrior,500,1000,DropStarter DeckVictory bonus,,C
162,Tainted Wisdom,https://yugipedia.com/wiki/Tainted_Wisdom_(DM1),あくまのちえ,Monster,Fiend,1250,800,Drop,Fusion Summon,C
163,Lisark,https://yugipedia.com/wiki/Lisark_(DM1),サファイヤ・リサーク,Monster,Beast,1300,1300,DropVictory bonus,,C
164,Lord of Zemia,https://yugipedia.com/wiki/Lord_of_Zemia_(DM1),ゼミアのかみ,Monster,Fiend,1300,1000,Drop,,C
165,The Judgement Hand,https://yugipedia.com/wiki/The_Judgement_Hand_(DM1),ジャジメント・ザ・ハンド,Monster,Warrior,1400,700,DropVictory bonus,,C
166,Mysterious Puppete,https://yugipedia.com/wiki/Mysterious_Puppete_(DM1),なぞのくぐつし,Monster,Warrior,1000,1500,Drop,,C
167,Ancient Jar,https://yugipedia.com/wiki/Ancient_Jar_(DM1),たいこのつぼ,Monster,Rock,400,200,Starter DeckDrop,,A
168,Darkfire Dragon,https://yugipedia.com/wiki/Darkfire_Dragon_(DM1),あんこくかえんりゅう,Monster,Dragon,1500,1250,Drop,Fusion Summon,D
169,Dark King of the A,https://yugipedia.com/wiki/Dark_King_of_the_A_(DM1),しんえんのめいおう,Monster,Fiend,1200,800,Drop,,C
170,Spirit of the Harp,https://yugipedia.com/wiki/Spirit_of_the_Harp_(DM1),ハープのせい,Monster,Fairy,800,2000,Drop,,C
171,Big Eye,https://yugipedia.com/wiki/Big_Eye_(DM1),だいおうめだま,Monster,Fiend,1200,1000,Drop,,C
172,Armaill,https://yugipedia.com/wiki/Armaill_(DM1),アーメイル,Monster,Warrior,700,1300,Drop,,C
173,Dark Prisoner,https://yugipedia.com/wiki/Dark_Prisoner_(DM1),ダーク・プリズナー,Monster,Fiend,600,1000,DropStarter Deck,,C
174,Hurricail,https://yugipedia.com/wiki/Hurricail_(DM1),ハリケル,Monster,Spellcaster,900,200,DropStarter DeckVictory bonus,,C
175,Ancient Brain,https://yugipedia.com/wiki/Ancient_Brain_(DM1),まてんろう,Monster,Fiend,1000,700,Drop,,B
176,Fire Eye,https://yugipedia.com/wiki/Fire_Eye_(DM1),ファイヤー・アイ,Monster,Pyro,800,600,DropStarter Deck,,C
177,Monsturtle,https://yugipedia.com/wiki/Monsturtle_(DM1),モンスタートル,Monster,Aqua,800,1000,Starter DeckDrop,,B
178,Claw Reacher,https://yugipedia.com/wiki/Claw_Reacher_(DM1),キラー・ザ・クロー,Monster,Fiend,1000,800,Drop,,B
179,Phantom Dewan,https://yugipedia.com/wiki/Phantom_Dewan_(DM1),サターナ,Monster,Spellcaster,700,600,DropStarter Deck,,C
180,Arlownay,https://yugipedia.com/wiki/Arlownay_(DM1),アルラウネ,Monster,Plant,800,1000,Starter DeckDropVictory bonus,,B
181,Dark Shade,https://yugipedia.com/wiki/Dark_Shade_(DM1),ダーク・シェイド,Monster,Fiend,1000,1000,Starter DeckDrop,,B
182,Masked Clown,https://yugipedia.com/wiki/Masked_Clown_(DM1),かめんどうけ,Monster,Warrior,500,700,DropStarter Deck,,B
183,Lucky Trinket,https://yugipedia.com/wiki/Lucky_Trinket_(DM1),ホーリー・パワー,Monster,Spellcaster,600,800,Starter DeckDrop,,C
184,Genin,https://yugipedia.com/wiki/Genin_(DM1),ジャグラー,Monster,Spellcaster,600,900,DropStarter Deck,,C
185,Eyearmor,https://yugipedia.com/wiki/Eyearmor_(DM1),コピックス,Monster,Warrior,600,500,DropStarter Deck,,A
186,Fiend Reflection#2,https://yugipedia.com/wiki/Fiend_Reflection_2_(DM1),ミラージュ,Monster,Winged Beast,1100,1400,Drop,,D
187,Gate Deeg,https://yugipedia.com/wiki/Gate_Deeg_(DM1),ヘルゲート・ディーグ,Monster,Beast,700,800,Starter DeckDrop,,A
188,Synchar,https://yugipedia.com/wiki/Synchar_(DM1),ファランクス,Monster,Beast,800,900,Starter DeckDrop,,A
189,Fusionist,https://yugipedia.com/wiki/Fusionist_(DM1),フュージョニスト,Monster,Beast,900,700,DropStarter Deck,Fusion Summon,D
190,Akakieisu,https://yugipedia.com/wiki/Akakieisu_(DM1),レッド・エース,Monster,Spellcaster,1000,800,Starter DeckDrop,,B
191,LaLa Li-oon,https://yugipedia.com/wiki/LaLa_Li-oon_(DM1),ララ・ライウーン,Monster,Thunder,600,600,DropStarter Deck,,C
192,Key Mace,https://yugipedia.com/wiki/Key_Mace_(DM1),キーメイス,Monster,Fairy,400,300,Starter DeckDrop,,A
193,Turtle Tiger,https://yugipedia.com/wiki/Turtle_Tiger_(DM1),タートル・タイガー,Monster,Aqua,1000,1500,Starter DeckDrop,,D
194,Terra the Terrible,https://yugipedia.com/wiki/Terra_the_Terrible_(DM1),まじん テラ,Monster,Fiend,1200,1300,Starter DeckDrop,,D
195,Doron,https://yugipedia.com/wiki/Doron_(DM1),ドローン,Monster,Warrior,900,500,DropStarter Deck,,C
196,Arma Knight,https://yugipedia.com/wiki/Arma_Knight_(DM1),アンモ・ナイト,Monster,Aqua,1000,1200,DropStarter Deck,,D
197,Mech Mole Zombie,https://yugipedia.com/wiki/Mech_Mole_Zombie_(DM1),ゾンビランプ,Monster,Zombie,500,400,Starter DeckDrop,,A
198,Happy Lover,https://yugipedia.com/wiki/Happy_Lover_(DM1),ハッピー・ラヴァー,Monster,Fairy,800,500,DropStarter Deck,,C
199,Penguin Knight,https://yugipedia.com/wiki/Penguin_Knight_(DM1),ペンギン・ナイト,Monster,Aqua,900,800,DropStarter DeckVictory bonus,,C
200,Petit Dragon,https://yugipedia.com/wiki/Petit_Dragon_(DM1),プチリュウ,Monster,Dragon,600,700,Starter DeckDrop,,C
201,Frenzied Panda,https://yugipedia.com/wiki/Frenzied_Panda_(DM1),キラーパンダ,Monster,Beast,1200,1000,Drop,,D
202,Air Marmot of Nefa,https://yugipedia.com/wiki/Air_Marmot_of_Nefa_(DM1),デーモン・ビーバー,Monster,Beast,400,600,Starter DeckDrop,,A
203,Phantom Ghost,https://yugipedia.com/wiki/Phantom_Ghost_(DM1),ゴースト,Monster,Zombie,600,800,DropStarter Deck,,C
204,Mabarrel,https://yugipedia.com/wiki/Mabarrel_(DM1),マキャノン,Monster,Fiend,1700,1400,Drop,Fusion Summon,D
205,Dorover,https://yugipedia.com/wiki/Dorover_(DM1),ドローバ,Monster,Aqua,900,800,Starter DeckDrop,,B
206,Twin Long Rods#1,https://yugipedia.com/wiki/Twin_Long_Rods_1_(DM1),グロス,Monster,Aqua,900,700,Starter DeckDrop,,B
207,Droll Bird,https://yugipedia.com/wiki/Droll_Bird_(DM1),スピック,Monster,Winged Beast,600,500,Starter DeckDrop,,B
208,Petit Angel,https://yugipedia.com/wiki/Petit_Angel_(DM1),プチテンシ,Monster,Fairy,600,900,Starter DeckDrop,,C
209,Winged Cleaver,https://yugipedia.com/wiki/Winged_Cleaver_(DM1),ダークキラー,Monster,Insect,700,700,DropStarter Deck,,A
210,Hinotama Soul,https://yugipedia.com/wiki/Hinotama_Soul_(DM1),スティング,Monster,Pyro,600,500,Starter DeckDrop,,C
211,Kaminarikozou,https://yugipedia.com/wiki/Kaminarikozou_(DM1),サンダー・キッズ,Monster,Thunder,700,600,DropStarter Deck,,C
212,Meotoko,https://yugipedia.com/wiki/Meotoko_(DM1),バビロン,Monster,Beast,700,600,DropStarter Deck,,C
213,Aqua Madoor,https://yugipedia.com/wiki/Aqua_Madoor_(DM1),アクア・マドール,Monster,Spellcaster,1200,2000,DropVictory bonus,,D
214,B. Flame Kagemusha,https://yugipedia.com/wiki/B._Flame_Kagemusha_(DM1),シエンのかげむしゃ,Monster,Warrior,800,400,DropStarter Deck,,C
215,Flame Ghost,https://yugipedia.com/wiki/Flame_Ghost_(DM1),フレイム・ゴースト,Monster,Zombie,1000,800,Starter DeckDrop,Fusion Summon,B
216,Dryad,https://yugipedia.com/wiki/Dryad_(DM1),ドリアード,Monster,Spellcaster,1200,1400,Drop,,D
217,B. Skull Dragon,https://yugipedia.com/wiki/B._Skull_Dragon_(DM1),ブラック・デーモンズ・ドラゴン,Monster,Dragon,3200,2500,Communication Fusion,Fusion Summon,S
218,Two-mouth Darkrule,https://yugipedia.com/wiki/Two-mouth_Darkrule_(DM1),ツーマウス・ダークルーラー,Monster,Dinosaur,900,700,Starter DeckDrop,,D
219,Solitude,https://yugipedia.com/wiki/Solitude_(DM1),ソリテュード,Monster,Beast-Warrior,1050,1000,Drop,,C
220,Masked Sorcerer,https://yugipedia.com/wiki/Masked_Sorcerer_(DM1),かめんまどうし,Monster,Spellcaster,900,1400,Drop,,C
221,Kumootoko,https://yugipedia.com/wiki/Kumootoko_(DM1),クモおとこ,Monster,Insect,700,1400,Drop,,D
222,Midnight Fiend,https://yugipedia.com/wiki/Midnight_Fiend_(DM1),ミッドナイト・デビル,Monster,Fiend,800,600,Starter DeckDrop,,A
223,Roaring Ocean Snak,https://yugipedia.com/wiki/Roaring_Ocean_Snak_(DM1),とどろきのおおうみへび,Monster,Aqua,2100,1800,Drop,,B
224,Trap Master,https://yugipedia.com/wiki/Trap_Master_(DM1),トラップ・マスター,Monster,Warrior,500,1100,Drop,,B
225,Fiend Sword,https://yugipedia.com/wiki/Fiend_Sword_(DM1),のろわれしまけん,Monster,Warrior,1400,800,DropVictory bonus,,D
226,Skull Stalker,https://yugipedia.com/wiki/Skull_Stalker_(DM1),デス・ストーカー,Monster,Warrior,900,800,DropStarter Deck,,C
227,Hitodenchak,https://yugipedia.com/wiki/Hitodenchak_(DM1),ヒトデンチャク,Monster,Aqua,600,700,Starter DeckDrop,,A
228,Wood Remains,https://yugipedia.com/wiki/Wood_Remains_(DM1),もりのしかばね,Monster,Zombie,1000,900,DropStarter Deck,Fusion Summon,C
229,Hourglass of Life,https://yugipedia.com/wiki/Hourglass_of_Life_(DM1),いのちのすなどけい,Monster,Fairy,700,600,DropStarter Deck,,C
230,Rare Fish,https://yugipedia.com/wiki/Rare_Fish_(DM1),レア・フィッシュ,Monster,Fish,1500,1200,Drop,Fusion Summon,C
231,Wood Clown,https://yugipedia.com/wiki/Wood_Clown_(DM1),ウッド・ジョーカー,Monster,Warrior,800,1200,Drop,,C
232,Madjinn Gunn,https://yugipedia.com/wiki/Madjinn_Gunn_(DM1),マジンガン,Monster,Fiend,600,800,Starter DeckDrop,,A
233,Dark Titan of Terr,https://yugipedia.com/wiki/Dark_Titan_of_Terr_(DM1),あんこくまじん ナイトメア,Monster,Fiend,1300,1100,DropVictory bonus,,C
234,Beautiful Headhunt,https://yugipedia.com/wiki/Beautiful_Headhunt_(DM1),ざんしゅのびじょ,Monster,Warrior,1600,800,DropVictory bonus,Fusion Summon,D
235,Wodan the Resident,https://yugipedia.com/wiki/Wodan_the_Resident_(DM1),もりのじゅうにん ウダン,Monster,Warrior,900,1200,Drop,,D
236,Guardian of the La,https://yugipedia.com/wiki/Guardian_of_the_La_(DM1),めいかいのばんにん,Monster,Warrior,1000,1200,DropVictory bonus,,C
237,Haniwa,https://yugipedia.com/wiki/Haniwa_(DM1),はにわ,Monster,Rock,500,500,Starter DeckDrop,,A
238,Yashinoki,https://yugipedia.com/wiki/Yashinoki_(DM1),ヤシのき,Monster,Plant,800,600,Starter DeckDropVictory bonus,,D
239,Vishwar Randi,https://yugipedia.com/wiki/Vishwar_Randi_(DM1),ヴィシュワ・ランディー,Monster,Warrior,900,700,Starter DeckDrop,,D
240,The Drdek,https://yugipedia.com/wiki/The_Drdek_(DM1),デス・フット,Monster,Fiend,700,800,DropStarter Deck,,C
241,Dark Assailant,https://yugipedia.com/wiki/Dark_Assailant_(DM1),やみのあんさつしゃ,Monster,Zombie,1200,1200,DropVictory bonus,Fusion Summon,D
242,Candle of Destiny,https://yugipedia.com/wiki/Candle_of_Destiny_(DM1),うんめいのろうそく,Monster,Fiend,600,600,Starter DeckDrop,,C
243,Water Element,https://yugipedia.com/wiki/Water_Element_(DM1),ウォーター・エレメント,Monster,Aqua,900,700,DropStarter Deck,,D
244,Dissolverock,https://yugipedia.com/wiki/Dissolverock_(DM1),マグマン,Monster,Rock,900,1000,DropStarter Deck,,D
245,Meda Bat,https://yugipedia.com/wiki/Meda_Bat_(DM1),ダーク・ナポレオン,Monster,Fiend,800,400,Starter DeckDrop,,A
246,One Who Hunts Soul,https://yugipedia.com/wiki/One_Who_Hunts_Soul_(DM1),たましいをかるもの,Monster,Beast-Warrior,1100,1000,Drop,,C
247,Root Water,https://yugipedia.com/wiki/Root_Water_(DM1),ルート・ウォーター,Monster,Fish,900,800,Starter DeckDrop,,B
248,Master & Expert,https://yugipedia.com/wiki/Master_%26_Expert_(DM1),マスター・アン・エキスパート,Monster,Beast,1200,1000,Drop,,D
249,Water Omotics,https://yugipedia.com/wiki/Water_Omotics_(DM1),みずのおどりこ,Monster,Aqua,1400,1200,Drop,,D
250,Hyo,https://yugipedia.com/wiki/Hyo_(DM1),ヒョウ,Monster,Warrior,800,1200,Drop,,C
251,Enchanting Mermaid,https://yugipedia.com/wiki/Enchanting_Mermaid_(DM1),こうこつのマーメイド,Monster,Fish,1200,900,Drop,Fusion Summon,D
252,Nekogal #1,https://yugipedia.com/wiki/Nekogal_1_(DM1),キャッツ・フェアリー,Monster,Beast,1100,900,DropVictory bonus,,D
253,Angelwitch,https://yugipedia.com/wiki/Angelwitch_(DM1),エンジェル・まじょ,Monster,Spellcaster,800,1000,DropStarter Deck,,D
254,Embryonic Beast,https://yugipedia.com/wiki/Embryonic_Beast_(DM1),みじゅくなあくま,Monster,Fiend,500,750,Starter DeckDrop,,C
255,Prevent Rat,https://yugipedia.com/wiki/Prevent_Rat_(DM1),プリヴェント・ラット,Monster,Beast,500,2000,Drop,,A
256,Dimensional Knight,https://yugipedia.com/wiki/Dimensional_Knight_(DM1),いじげんのせんし,Monster,Warrior,1200,1000,Drop,,D
257,Stone Armadiller,https://yugipedia.com/wiki/Stone_Armadiller_(DM1),ストーン・アルマジラー,Monster,Rock,800,1200,DropVictory bonus,,D
258,Beastking of the S,https://yugipedia.com/wiki/Beastking_of_the_S_(DM1),ぬまちのまじゅうおう,Monster,Aqua,1000,1100,Drop,,D
259,Ancient Sorcerer,https://yugipedia.com/wiki/Ancient_Sorcerer_(DM1),こだいまどうし,Monster,Spellcaster,1000,1300,DropVictory bonus,,C
260,Lunar Queen Elzaim,https://yugipedia.com/wiki/Lunar_Queen_Elzaim_(DM1),つきのめがみ エルザェム,Monster,Fairy,750,1100,Drop,,C
261,Wicked Mirror,https://yugipedia.com/wiki/Wicked_Mirror_(DM1),デーモンズ・ミラー,Monster,Fiend,700,600,DropStarter Deck,,A
262,The Little Swordsm,https://yugipedia.com/wiki/The_Little_Swordsm_(DM1),アイルのこびとけんし,Monster,Warrior,800,1300,Drop,,C
263,Rock Ogre Grotto#2,https://yugipedia.com/wiki/Rock_Ogre_Grotto_2_(DM1),ウォー・アース,Monster,Rock,700,1400,Drop,,D
264,Wing Egg Elf,https://yugipedia.com/wiki/Wing_Egg_Elf_(DM1),ウィング・エッグ・エルフ,Monster,Fairy,500,1300,Drop,,C
265,Sea King of Fury,https://yugipedia.com/wiki/Sea_King_of_Fury_(DM1),いかりのかいおう,Monster,Aqua,800,700,Drop,,A
266,Princess of Tsurug,https://yugipedia.com/wiki/Princess_of_Tsurug_(DM1),つるぎのじょおう,Monster,Warrior,900,700,Drop,,C
267,Unknown Warrior of,https://yugipedia.com/wiki/Unknown_Warrior_of_(DM1),あくのむめいせんし,Monster,Warrior,1000,500,Drop,,C
268,Sectarian of Secre,https://yugipedia.com/wiki/Sectarian_of_Secre_(DM1),やみにしたがうもの,Monster,Spellcaster,700,500,DropStarter Deck,,C
269,Versago the Destro,https://yugipedia.com/wiki/Versago_the_Destro_(DM1),はかいしん ヴァサーゴ,Monster,Fiend,1100,900,Drop,,C
270,Wetha,https://yugipedia.com/wiki/Wetha_(DM1),ウェザ,Monster,Aqua,1000,900,DropVictory bonus,,C
271,Megirus Light,https://yugipedia.com/wiki/Megirus_Light_(DM1),メギラス・ライト,Monster,Fiend,900,600,DropStarter Deck,,A
272,Mavelus,https://yugipedia.com/wiki/Mavelus_(DM1),マブラス,Monster,Winged Beast,1300,900,DropVictory bonus,Fusion Summon,C
273,Ancient Tree of En,https://yugipedia.com/wiki/Ancient_Tree_of_En_(DM1),さとりのろうじゅ,Monster,Plant,600,1500,Drop,,B
274,Green Phantom King,https://yugipedia.com/wiki/Green_Phantom_King_(DM1),りょくじゅのれいおう,Monster,Plant,500,1600,Drop,,B
275,Terra Bugroth,https://yugipedia.com/wiki/Terra_Bugroth_(DM1),りくせんがた バグロス,Monster,Machine,1500,1000,DropVictory bonus,,D
276,Ray & Temperature,https://yugipedia.com/wiki/Ray_%26_Temperature_(DM1),きたかぜとたいよう,Monster,Fairy,1000,1000,Starter DeckDropVictory bonus,,C
277,Gorgon Egg,https://yugipedia.com/wiki/Gorgon_Egg_(DM1),ゴーゴン・エッグ,Monster,Fiend,300,1300,Drop,,A
278,Petit Moth,https://yugipedia.com/wiki/Petit_Moth_(DM1),プチモス,Monster,Insect,300,200,Victory bonus,,S
279,King Fog,https://yugipedia.com/wiki/King_Fog_(DM1),キング・スモーク,Monster,Fiend,1000,900,Starter DeckDrop,,B
280,Protector of the T,https://yugipedia.com/wiki/Protector_of_the_T_(DM1),おうざのしゅごしゃ,Monster,Warrior,800,1500,Drop,,C
281,Mystic Clown,https://yugipedia.com/wiki/Mystic_Clown_(DM1),バーサーカー,Monster,Fiend,1500,1000,DropVictory bonus,Fusion Summon,D
282,Mystical Sheep #2,https://yugipedia.com/wiki/Mystical_Sheep_2_(DM1),スリーピィ,Monster,Beast,800,1000,DropStarter Deck,,C
283,Holograh,https://yugipedia.com/wiki/Holograh_(DM1),ホログラー,Monster,Machine,1100,700,Drop,,C
284,Tao the Chanter,https://yugipedia.com/wiki/Tao_the_Chanter_(DM1),おんみょうし タオ,Monster,Spellcaster,1200,900,DropVictory bonus,,C
285,Serpent Marauder,https://yugipedia.com/wiki/Serpent_Marauder_(DM1),デビル・スネーク,Monster,Reptile,700,600,DropStarter Deck,,C
286,Gatekeeper,https://yugipedia.com/wiki/Gatekeeper_(DM1),ゲート・キーパー,Monster,Machine,1500,1800,DropVictory bonus,,D
287,Ogre of the Black,https://yugipedia.com/wiki/Ogre_of_the_Black_(DM1),くろいかげのオーガ,Monster,Beast-Warrior,1200,1400,DropVictory bonus,,C
288,Dark Artist,https://yugipedia.com/wiki/Dark_Artist_(DM1),ダーク・アーティスト,Monster,Fiend,600,1400,Drop,,A
289,Change Slime,https://yugipedia.com/wiki/Change_Slime_(DM1),チェンジ・スライム,Monster,Aqua,400,300,Communication bonusDropStarter Deck,,A
290,Moon Envoy,https://yugipedia.com/wiki/Moon_Envoy_(DM1),つきのししゃ,Monster,Warrior,1100,1000,Drop,,D
291,Fireyarou,https://yugipedia.com/wiki/Fireyarou_(DM1),ほのおのまじん,Monster,Pyro,1300,1000,DropVictory bonus,,C
292,Psychic Kappa,https://yugipedia.com/wiki/Psychic_Kappa_(DM1),サイコ・カッパー,Monster,Aqua,400,1000,DropStarter Deck,,A
293,Masaki the Legenda,https://yugipedia.com/wiki/Masaki_the_Legenda_(DM1),でんせつのけんごう マサキ,Monster,Warrior,1100,1100,Drop,,C
294,Dragoness the Wick,https://yugipedia.com/wiki/Dragoness_the_Wick_(DM1),まそうきし　ドラゴネス,Monster,Warrior,1200,900,DropVictory bonus,Fusion Summon,C
295,Bio Plant,https://yugipedia.com/wiki/Bio_Plant_(DM1),バイオ・プラント,Monster,Fiend,600,1300,Drop,,A
296,One-eyed Shield Dr,https://yugipedia.com/wiki/One-eyed_Shield_Dr_(DM1),ワンアイド・シールドドラゴン,Monster,Dragon,700,1300,Drop,,D
297,Cyber Soldier of D,https://yugipedia.com/wiki/Cyber_Soldier_of_D_(DM1),まかいのきかいへい,Monster,Machine,1400,1200,DropVictory bonus,,D
298,Wicked Dragon with,https://yugipedia.com/wiki/Wicked_Dragon_with_(DM1),まとうをもつじゃりゅう,Monster,Dragon,900,900,DropStarter Deck,,A
299,Sonic Maid,https://yugipedia.com/wiki/Sonic_Maid_(DM1),オトメ,Monster,Warrior,1200,900,Drop,,D
300,Kurama,https://yugipedia.com/wiki/Kurama_(DM1),ドレイク,Monster,Winged Beast,800,800,Starter DeckDropVictory bonus,,D
301,Legendary Sword,https://yugipedia.com/wiki/Legendary_Sword_(DM1),でんせつのけん,Magic,,,,DropVictory bonus,,D
302,Sword of Ruin,https://yugipedia.com/wiki/Sword_of_Ruin_(DM1),やみのはしんけん,Magic,,,,DropVictory bonus,,D
303,Dark Energy,https://yugipedia.com/wiki/Dark_Energy_(DM1),やみ・エネルギー,Magic,,,,DropVictory bonus,,D
304,Axe of Despair,https://yugipedia.com/wiki/Axe_of_Despair_(DM1),デーモンのおの,Magic,,,,DropVictory bonus,,D
305,Lazer Cannon Armor,https://yugipedia.com/wiki/Lazer_Cannon_Armor_(DM1),レーザーキャノンアーマー,Magic,,,,DropVictory bonus,,B
306,Insect Armor with,https://yugipedia.com/wiki/Insect_Armor_with_(DM1),かきつきインセクトアーマー,Magic,,,,DropVictory bonus,,B
307,Elf's Light,https://yugipedia.com/wiki/Elf%27s_Light_(DM1),エルフのひかり,Magic,,,,DropVictory bonus,,D
308,Beast Fangs,https://yugipedia.com/wiki/Beast_Fangs_(DM1),もうじゅうのは,Magic,,,,DropVictory bonus,,D
309,Steel Shell,https://yugipedia.com/wiki/Steel_Shell_(DM1),はがねのこうら,Magic,,,,DropVictory bonus,,D
310,Vile Germs,https://yugipedia.com/wiki/Vile_Germs_(DM1),まきん,Magic,,,,DropVictory bonus,,D
311,Black Pendant,https://yugipedia.com/wiki/Black_Pendant_(DM1),ブラック・ペンダント,Magic,,,,DropVictory bonus,,D
312,Silver Bow & Arrow,https://yugipedia.com/wiki/Silver_Bow_%26_Arrow_(DM1),ぎんのゆみや,Magic,,,,DropVictory bonus,,D
313,Horn of Light,https://yugipedia.com/wiki/Horn_of_Light_(DM1),ひかりのつの,Magic,,,,DropVictory bonus,,D
314,Horn of the Unicor,https://yugipedia.com/wiki/Horn_of_the_Unicor_(DM1),いっかくじゅうのホーン,Magic,,,,DropVictory bonus,,D
315,Dragon Treasure,https://yugipedia.com/wiki/Dragon_Treasure_(DM1),ドラゴンのひほう,Magic,,,,Victory bonus,,S
316,Electro-whip,https://yugipedia.com/wiki/Electro-whip_(DM1),でんげきむち,Magic,,,,Communication bonusDropVictory bonus,,A
317,Cyber Shield,https://yugipedia.com/wiki/Cyber_Shield_(DM1),サイバー・ボンテージ,Magic,,,,Communication bonusDropVictory bonus,,A
318,Elegant Egotist,https://yugipedia.com/wiki/Elegant_Egotist_(DM1),まんげきょう　ーかれいなるぶんしんー,Magic,,,,DropVictory bonus,,C
319,Mystical Moon,https://yugipedia.com/wiki/Mystical_Moon_(DM1),ましょうのつき,Magic,,,,DropVictory bonus,,D
320,Stop Defense,https://yugipedia.com/wiki/Stop_Defense_(DM1),しゅびふうじ,Magic,,,,DropVictory bonus,,D
321,Malevolent Nuzzler,https://yugipedia.com/wiki/Malevolent_Nuzzler_(DM1),あくまのくちづけ,Magic,,,,DropVictory bonus,,D
322,Violet Crystal,https://yugipedia.com/wiki/Violet_Crystal_(DM1),むらさきすいしょう,Magic,,,,DropVictory bonus,,D
323,Book of Secret Art,https://yugipedia.com/wiki/Book_of_Secret_Art_(DM1),ひじゅつのしょ,Magic,,,,DropVictory bonus,,D
324,Invigoration,https://yugipedia.com/wiki/Invigoration_(DM1),かくせい,Magic,,,,DropVictory bonus,,D
325,Machine Conversion,https://yugipedia.com/wiki/Machine_Conversion_(DM1),きかいかいぞうこうじょう,Magic,,,,DropVictory bonus,,D
326,Raise Body Heat,https://yugipedia.com/wiki/Raise_Body_Heat_(DM1),たいおんのじょうしょう,Magic,,,,DropVictory bonus,,D
327,Follow Wind,https://yugipedia.com/wiki/Follow_Wind_(DM1),フォロー・ウィンド,Magic,,,,DropVictory bonus,,D
328,Power of Kaishin,https://yugipedia.com/wiki/Power_of_Kaishin_(DM1),ポセイドンのちから,Magic,,,,DropVictory bonus,,D
329,Dragon Capture Jar,https://yugipedia.com/wiki/Dragon_Capture_Jar_(DM1),ドラゴンぞく・ふういんのつぼ,Magic,,,,Communication bonusDropVictory bonus,,A
330,Forest,https://yugipedia.com/wiki/Forest_(DM1),もり,Magic,,,,DropVictory bonus,,D
331,Wasteland,https://yugipedia.com/wiki/Wasteland_(DM1),こうや,Magic,,,,DropVictory bonus,,D
332,Mountain,https://yugipedia.com/wiki/Mountain_(DM1),やま,Magic,,,,DropVictory bonus,,D
333,Sogen,https://yugipedia.com/wiki/Sogen_(DM1),そうげん,Magic,,,,DropVictory bonus,,D
334,Umi,https://yugipedia.com/wiki/Umi_(DM1),うみ,Magic,,,,DropVictory bonus,,D
335,Yami,https://yugipedia.com/wiki/Yami_(DM1),やみ,Magic,,,,DropVictory bonus,,D
336,Dark Hole,https://yugipedia.com/wiki/Dark_Hole_(DM1),ブラック・ホール,Magic,,,,DropVictory bonus,,D
337,Raigeki,https://yugipedia.com/wiki/Raigeki_(DM1),サンダー・ボルト,Magic,,,,Starter DeckVictory bonus,,S
338,Mooyan Curry,https://yugipedia.com/wiki/Mooyan_Curry_(DM1),モウヤンのカレー,Magic,,,,Starter DeckDropVictory bonus,,D
339,Red Medicine,https://yugipedia.com/wiki/Red_Medicine_(DM1),レッド・ポーション,Magic,,,,DropStarter DeckVictory bonus,,C
340,Goblin's Secret Re,https://yugipedia.com/wiki/Goblin%27s_Secret_Re_(DM1),ゴブリンのひやく,Magic,,,,Communication bonusDropVictory bonus,,A
341,Soul of the Pure,https://yugipedia.com/wiki/Soul_of_the_Pure_(DM1),てんしのいきち,Magic,,,,Victory bonus,,S
342,Dian Keto the Cure,https://yugipedia.com/wiki/Dian_Keto_the_Cure_(DM1),ちりょうのかみ ディアン・ケト,Magic,,,,Victory bonus,,S
343,Sparks,https://yugipedia.com/wiki/Sparks_(DM1),ひのこ,Magic,,,,DropStarter Deck,,D
344,Hinotama,https://yugipedia.com/wiki/Hinotama_(DM1),ファイヤー・ボール,Magic,,,,DropStarter Deck,,C
345,Final Flame,https://yugipedia.com/wiki/Final_Flame_(DM1),ひあぶりのけい,Magic,,,,DropVictory bonus,,A
346,Ookazi,https://yugipedia.com/wiki/Ookazi_(DM1),ちゅうやのおおかじ,Magic,,,,Communication bonus,,S
347,Tremendous Fire,https://yugipedia.com/wiki/Tremendous_Fire_(DM1),かえんじごく,Magic,,,,Communication bonus,,S
348,Swords of Revealin,https://yugipedia.com/wiki/Swords_of_Revealin_(DM1),ひかりのごふうけん,Magic,,,,DropVictory bonus,,A
349,Spellbinding Circl,https://yugipedia.com/wiki/Spellbinding_Circl_(DM1),ろくぼうせいのじゅばく,Magic,,,,Communication bonus,,S
350,Dark-piercing Ligh,https://yugipedia.com/wiki/Dark-piercing_Ligh_(DM1),やみをかきけすひかり,Magic,,,,Starter DeckDropVictory bonus,,D
351,Yaranzo,https://yugipedia.com/wiki/Yaranzo_(DM1),ヤランゾ,Monster,Zombie,1300,1500,Password,,S
352,Kanan the Swordmis,https://yugipedia.com/wiki/Kanan_the_Swordmis_(DM1),おんなけんし　カナン,Monster,Warrior,1400,1400,PasswordPrize,,S
353,Takriminos,https://yugipedia.com/wiki/Takriminos_(DM1),タクリミノス,Monster,Sea Serpent,1500,1200,Password,,S
354,Stuffed Animal,https://yugipedia.com/wiki/Stuffed_Animal_(DM1),くいぐるみ,Monster,Warrior,1200,900,Password,,S
355,Megasonic Eye,https://yugipedia.com/wiki/Megasonic_Eye_(DM1),メガソニック・アイ,Monster,Machine,1500,1800,PasswordPrize,,S
356,Super War-lion,https://yugipedia.com/wiki/Super_War-lion_(DM1),スーパー・ウォー・ライオン,Monster,Beast,2300,2100,Prize,,S
357,Yamadron,https://yugipedia.com/wiki/Yamadron_(DM1),ヤマドラン,Monster,Dragon,1600,1800,Prize,,S
358,Seiyaryu,https://yugipedia.com/wiki/Seiyaryu_(DM1),ホーリー・ナイト・ドラゴン,Monster,Dragon,2500,2300,Password,,S
359,Three-legged Zombi,https://yugipedia.com/wiki/Three-legged_Zombi_(DM1),２にん３きゃくゾンビ,Monster,Zombie,1100,800,Password,,S
360,Zera The Mant,https://yugipedia.com/wiki/Zera_The_Mant_(DM1),ゼラ,Monster,Fiend,2800,2300,Prize,,S
361,Flying Penguin,https://yugipedia.com/wiki/Flying_Penguin_(DM1),トビペンギン,Monster,Aqua,1200,1000,Password,,S
362,Millennium Shield,https://yugipedia.com/wiki/Millennium_Shield_(DM1),せんねんのたて,Monster,Warrior,0,3000,Prize,,S
363,Fairy's Gift,https://yugipedia.com/wiki/Fairy%27s_Gift_(DM1),ようせいのおくりもの,Monster,Spellcaster,1400,1000,Password,,S
364,Black Luster Soldi,https://yugipedia.com/wiki/Black_Luster_Soldi_(DM1),カオス・ソルジャー,Monster,Warrior,3000,2500,Prize,,S
365,Fiend's Mirror,https://yugipedia.com/wiki/Fiend%27s_Mirror_(DM1),デビルズ・ミラー,Monster,Fiend,2100,1800,Prize,,S
